gsid;index_no;formal_name;district;measuring_type;lon;lat;elevation
365;1;Thankot AWS;Kathmandu;Climatology;85.201.666.666.666.900;27.703.833.333.333.000;1730
295;1001;Timure;Rasuwa;Precipitation-off;85.366.225;28.253.325;1725
296;1002;Aru Ghat D.Bazar;Dhading;Precipitation-off;84.819.999.999.999.900;28.050.000.000.000.000;518
297;1003;Trisuli;Nuwakot;Climatology;85.150.000.000.000.000;27.916.666.670.000.000;595
298;1004;Nuwakot;Nuwakot;Climatology;85.164.638.888.889.000;27.914.974.999.999.900;966
299;1005;Dhading;Dhading;Climatology-off;84.896.133.333.332.900;27.912.505.555.555.900;630
300;1006;Gumthang;Sindhupalchok;Precipitation;85.859.651.944.443.900;27.855.309.999.999.900;1846
301;1007;Kakani;Nuwakot;Agrometeorology;85.269.777.777.778.000;27.814.388.888.888.900;2030
302;1008;Nawalpur;Sindhupalchok;Precipitation;85.624.099.999.999.900;27.813.061.111.111.000;1653
303;1009;Chautara;Sindhupalchok;Climatology;85.732.077.777.778.000;27.753.783.333.333.000;1552
1;101;Kakerpakha;Baitadi;Precipitation;80.538.161.111.110.900;29.658.256.944.443.900;783
304;1010;Lalitpur (Kopundol);Lalitpur;Climatology;85.333.333.330.000.000;2.768.333.333;1303
305;1011;Kathmandu (Usaid);Kathmandu;Climatology;85.333.333.330.000.000;27.699.999.999.999.900;1335
306;1012;Sundari Jal(Pwr.House);Kathmandu;Precipitation;85.416.666.669.999.900;27.75;1380
307;1013;Sundari Jal(Water Res.);Kathmandu;Precipitation;85.433.333.329.999.900;27.783.333.330.000.000;1600
308;1014;Kathmandu ( I. E. );Kathmandu;Climatology;85.333.333.330.000.000;27.733.333.330.000.000;1324
309;1015;Thankot;Kathmandu;Precipitation;85.221.313.888.889;27.688.197.222.222.000;1457
310;1016;Sarmathang;Sindhupalchok;Climatology;85.595.136.111.111.000;27.944.561.111.111;2574
311;1017;Duwachaur;Sindhupalchok;Precipitation;85.566.950.000.000.000;27.857.761.111.111;1483
312;1018;Bahunipati;Sindhupalchok;Precipitation;85.572.661.111.111.000;27.792.366.666.667;774
313;1019;Ranipauwa;Nuwakot;Agrometeorology;85.233.333.329.999.900;2.781.666.667;1828
2;102;Baitadi;Baltadi;Climatology;80.413.173.888.889.000;29.557.436.944.443.900;1352
314;1020;Mandan;Kabhre;Precipitation-off;85.635.637.000.000.000;27.693.823.888.889;1358
315;1021;Kritipur (Bagban);Lalitpur;Agrometeorology;85.299.999.999.999.900;2.768.333.333;1364
316;1022;Godavari;Lalitpur;Climatology;85.378.833.333.333.000;27.592.916.666.667.000;1527
317;1023;Dolal Ghat;Kabhre;Precipitation;85.704.980.833.332.900;27.638.821.944.444;659
318;1024;Dhulikhel;Kabhre;Climatology;85.565.502.777.777.900;27.616.116.666.667.000;1543
319;1025;Dhap;Sindhupalchok;Precipitation;85.633.379.000.000.000;27.912.451.944.444.000;1284
320;1026;Budal (Banepa);Kabhre;Precipitation;85.516.666.670.000.000;27.633.333.329.999.900;1475
321;1027;Bahrabise;Sindhupalchok;Climatology;85.899.985.833.333.000;27.788.680.833.333;884
322;1028;Pachuwar Ghat;Kabhre;Precipitation-off;85.748.888.888.888.900;27.553.611.111.111;633
323;1029;Khumaltar;Lalitpur;Agrometeorology;85.325.774.999.999.900;27.651.752.777.778;1334
3;103;Patan (West);Baitadi;Climatology;80.545.751.111.111.000;29.467.137.000.000.000;1292
366;1030;Kathmandu Airport;Kathmandu;Aeronautical;85.356.247.222.221.900;27.703.824.999.999.900;1337
325;1031;Kyangjin (Langtang);Rasuwa;Climatology;85.583.333.330.000.000;28.216.666.669.999.900;3817
326;1032;Kathmandu (Lazimpat);Kathmandu;Climatology;85.333.333.330.000.000;27.733.333.330.000.000;1326
327;1034;Gatlang;Rasuwa;Climatology;85.266.666.670.000.000;28.149.999.999.999.900;2350
328;1035;Sankhu;Kathmandu;Precipitation;85.476.900.000.000.000;27.744.366.666.666.900;1436
329;1036;Panchkhal;Kabhre;Agrometeorology;85.620.955.555.555.900;27.645.202.777.778;857
330;1037;Chilaune Gaun;Kathmandu;Climatology;85.416.666.669.999.900;27.800.000.000.000.000;1920
331;1038;Dhunibesi;Dhading;Climatology;85.164.199.999.999.900;27.723.116.666.667;991
332;1039;Panipokhari(Kathmandu);Kathmandu;Climatology;85.324.150.000.000.000;27.728.636.111.111.000;1329
8;104;Dadeldhura;Dadeldhura;Synoptic;80.587.751.944.443.900;29.301.352.000.000.000;1879
333;1040;Tika Bhairab;Lalitpur;Precipitation;85.316.666.670.000.000;2.756.666.667;1524
334;1041;Gokarna;Kathmandu;Precipitation;85.400.000.000.000.000;27.733.333.330.000.000;1400
335;1042;Khudkhu Khol;Kathmandu;Precipitation;85.349.999.999.999.900;27.600.000.000.000.000;1450
336;1043;Nagarkot;Bhaktapur;Climatology;85.520.858.333.332.900;27.693.347.222.221.900;2147
337;1044;Bridhara;Nuwakot;Precipitation;85.416.666.669.999.900;27.783.333.330.000.000;1454
338;1045;Kathmandu (L;Kathmandu;Precipitation;85.316.666.670.000.000;27.699.999.999.999.900;1330
339;1046;Phutung;Kathmandu;Precipitation;85.316.666.670.000.000;27.766.666.669.999.900;1390
340;1047;Pharping;Kathmandu;Precipitation;85.299.999.999.999.900;27.616.666.670.000.000;1500
341;1048;Panchmane;Kathmandu;Precipitation;85.316.666.670.000.000;27.783.333.330.000.000;1712
342;1049;Khopasi(Panauti);Kabhre;Precipitation;85.528.552.777.778.000;27.572.252.777.778.000;1442
10;105;Mahendra Nagar;Kanchanpur;Agrometeorology;80.230.490.000.000.000;28.954.771.944.444.000;197
343;1050;Mahadeu Khol;Bhaktapur;Precipitation;85.433.333.329.999.900;27.633.333.329.999.900;1420
344;1051;Budhanilakan;Kathmandu;Precipitation;85.357.777.777.777.900;27.797.222.222.222;1442
345;1052;Bhaktapur;Bhaktapur;Climatology;85.423.969.444.443.900;27.676.680.555.556;1315
346;1054;Thamachit;Rasuwa;Precipitation;85.301.838.888.888.900;28.183.522.222.221.900;1770
347;1055;Dhunche;Rasuwa;Climatology;85.307.727.777.777.900;28.105.338.888.889.000;2045
348;1056;Tokha;Kathmandu;Precipitation;85.433.333.329.999.900;27.800.000.000.000.000;1790
349;1057;Pansayakhola;Nuwakot;Climatology;85.106.230.555.555.900;28.028.511.111.111.000;1982
350;1058;Tarke Ghyang;Sindhupalchok;Precipitation;85.554.443.888.888.900;27.999.317.777.778;2596
351;1059;Changu Narayan;Bhaktapur;Climatology;85.426.755.555.555.900;27.716.058.333.332.900;1502
12;106;Belauri Santipur;Kanchanpur;Precipitation;80.375.403.888.888.900;28.698.575.000.000.000;164
352;1060;Chapa Gaun;Lalitpur;Precipitation;85.326.563.888.888.900;27.603.258.333.332.900;1478
353;1061;Lubhu;Lalitpur;Precipitation;85.383.333.329.999.900;27.649.999.999.999.900;1341
354;1062;Sangachok;Sindhupalchok;Precipitation;85.706.583.333.333;27.683.366.666.666.900;1194
355;1063;Thokarpa;Sindhupalchok;Precipitation;85.778.611.944.443.900;27.687.662.777.778.000;1565
356;1064;Sundarijal;Kathmandu;Precipitation;85.433.333.329.999.900;27.75;1357
357;1065;Sivapuri;Kathmandu;Precipitation;85.383.333.329.999.900;2.781.666.667;2716
358;1066;Sanga;Bhaktapur;Precipitation;85.483.333.329.999.900;27.633.333.329.999.900;1524
359;1067;Pharping;Kathmandu;Precipitation;85.266.666.670.000.000;27.616.666.670.000.000;1537
360;1068;Maharajganj;Kathmandu;Precipitation;85.333.333.333.333.000;27.733.333.333.333;1294
368;1069;Babarmahal;Kathmandu;AWS;85.325.999.999.999.900;27.693.000.000.000.000;1295
15;107;Darchula;Darchula;Climatology;80.545.393.888.888.900;29.844.961.944.444.000;945
362;1071;Buddhanilakantha;Kathmandu;Climatology-off;85.357.797.222.222.000;277.805;1428
363;1072;Paigutang;Rasuwa;Climatology;85.183.333.333.332.900;28.216.666.666.666.900;4091
364;1073;Khokana;Lalitpur;Climatology;85.296.716.666.666.900;27.643.772.222.222.000;1309
4;1074;Sundarijal (Mulkharka);Kathmandu;Precipitation;85.427.786.111.111.000;27.772.619.444.444;1658
5;1075;Lele;Lalitpur;Precipitation;85.354.044.444.444;27.576.824.999.999.900;1594
6;1076;Naikap;Kathmandu;Precipitation-off;85.255.475.000.000.000;27.700.941.666.666.900;1477
7;1077;Sundarijal (Alapot);Kathmandu;Precipitation;85.431.188.888.888.900;27.750.072.222.221.900;1384
9;1078;Dhap;Sindhupalchok;Precipitation;85.632.500.833.332.900;27.901.426.000.000.000;1347
11;1079;Nagarjun;Kathmandu;Precipitation;85.277.158.333.333.000;27.757.877.777.777.900;1393
17;108;Satbanjh;Baltadi;Precipitation;80.497.411.944.443.900;29.497.299.999.999.900;1881
13;1080;Tikathali;Lalitpur;Precipitation;85.369.708.333.332.900;27.659.324.999.999.900;1305
18;1081;Jitpurphedhi;Kathmandu;Precipitation;85.290.494.444.443.900;27.784.191.666.666.900;1409
21;1082;Nangkhel;Bhaktapur;Precipitation;85.461.583.333.332.900;27.645.724.999.999.900;1413
24;1083;Tarebhir;Kathmandu;Climatology;85.400.000.000.000.000;27.783.333.330.000.000;1848
374;109;LUMPTHI;DARCHULA;PRECIPITATION;80.822.158.055.556.000;29.782.551.944.443.900;1653
375;110;DHAULATIYA (Dallekhdhar);DARCHULA;PRECIPITATION;80.624.714.999.999.900;29.799.231.944.443.900;2071
26;1101;Nagdaha;Dolkha;Precipitation;86.103.993.888.888.900;27.676.331.111.111.000;909
28;1102;Charikot;Dolkha;Climatology;86.049.999.999.999.900;27.666.666.666.666.900;1940
30;1103;Jiri;Dolkha;Agrometeorology;86.232.113.888.889.000;27.630.447.222.221.900;1877
33;1104;Melung;Dolkha;Precipitation;86.049.999.999.999.900;27.516.666.666.667;1536
38;1105;Utinpur;Dhanusa;Precipitation;85.966.666.669.999.900;26.716.666.669.999.900;90
41;1106;Ramechhap;Ramechhap;Precipitation;86.083.333.330.000.000;2.731.666.667;1395
43;1107;Sindhuli Madhi;Sindhuli;Climatology;85.922.666.666.666.900;27.218.291.666.667;556
45;1108;Bahun Tilpung;Sindhuli;Precipitation;86.166.666.666.666.900;27.183.333.333.333;1417
47;1109;Pattharkot(East);Sarlahi;Precipitation;85.659.641.666.667;27.099.852.777.778.000;189
376;111;DHARMPANIYA;DARCHULA;PRECIPITATION;80.389.003.888.888.900;29.740.931.944.444;1167
49;1110;Tulsi;Dhanusa;Precipitation;85.920.897.222.221.900;27.012.955.555.556.000;271
51;1111;Janakpur Airport;Dhanusa;Aeronautical;85.924.422.222.222.000;26.710.750.000.000.000;76
53;1112;Chisapani Bazar;Dhanusa;Precipitation;86.145.138.888.888.900;26.930.222.222.222;127
55;1113;Thodung;Dolakha;Climatology;86.349.999.999.999.900;27.616.666.670.000.000;3120
57;1114;Hardinath;Dhanusa;Climatology;85.983.333.333.332.900;26.800.000.000.000.000;93
59;1115;Nepalthok;Sindhuli;Precipitation;85.848.644.444.444.000;27.419.824.999.999.900;690
61;1116;Hariharpur G;Sindhuli;Precipitation;85.5;27.333.333.329.999.900;880
63;1117;Hariharpur Gadhi Valley;Sindhuli;Precipitation;85.456.422.222.222.000;27.294.408.333.332.900;230
66;1118;Manusmara;Sarlahi;Climatology;85.445.113.888.888.900;26.928.005.555.555.900;90
68;1119;Gausala;Mahottari;Precipitation;85.781.833.333.332.900;26.916.361.111.111.000;200
377;112;GOKULESHWOR;DARCHULA;PRECIPITATION;80.599.999.999.999.900;29.716.667.000.000.000;\N
70;1120;Malangwa;Sarlahi;Precipitation;85.557.308.333.332.900;26.852.822.222.221.900;87
72;1121;Karmaiya;Sarlahi;Climatology;85.483.797.222.221.900;27.131.808.333.333.000;139
74;1122;Jalesore;Mahottari;Precipitation;85.807.275.000.000.000;26.652.247.222.222.000;68
76;1123;Manthali;Ramechhap;Climatology;86.061.233.333.333.000;27.394.702.777.778.000;497
78;1124;Kabre;Dolkha;Agrometeorology;86.133.333.333.332.900;27.633.333.333.332.900;1755
378;113;GOKULESHWOR;DARCHULA;PRECIPITATION-off;80.549.999.999.999.900;29.666.667;\N
379;114;BINAYAK;BAITADI;PRECIPITATION;80.293.278.055.556.000;29.450.061.111.111.000;465
380;115;DAINSILI;BAITADI;Climatology;80.656.014.999.999.900;29.416.473.888.889.000;2083
381;116;RUPAL;DADELDHURA;PRECIPITATION;80.373.014.999.999.900;29.288.393.055.556;1458
382;117;SAHUKHARKA;DADELDHURA;PRECIPITATION;80.623.866.944.444.000;29.211.375.833.333.000;2092
383;118;JOGBUGHA;DADELDHURA;PRECIPITATION;80.347.407.777.778.000;29.127.857.777.778.000;379
384;119;HANMANNAGAR;KANCHANPUR;PRECIPITATION;80.286.191.944.443.900;28.966.433.888.889;213
371;12;Nast;\N;AWS;85.329.166.666.667.000;27.653.333.333.332.900;1350
385;120;KALLAGOTH(Krishnapur);KANCHANPUR;PRECIPITATION;80.440.441.944.444.000;28.861.858.888.889;189
80;1201;Namche Bazar;Solukhumbu;Climatology;86.714.444.444.443.900;27.802.222.222.221.900;3450
82;1202;Chaurikhark;Solukhumbu;Precipitation;86.716.700.000.000.000;27.696.530.555.555.900;2642
83;1203;Pekarnas;Solukhumbu;Precipitation;86.568.567.999.999.900;27.443.216.944.444;1945
86;1204;Aisealukhark;Khotang;Precipitation;86.748.661.944.443.900;27.359.794.999.999.900;2064
88;1206;Okhaldhunga;Okhaldhunga;Synoptic;86.504.225.000.000.000;27.308.120.833.333;1731
89;1207;Mane Bhanjyang;Okhaldhunga;Precipitation;86.444.357.777.777.900;27.214.726.944.443.900;1529
91;1208;Dwarpa;Khotang;Climatology;86.849.999.999.999.900;27.216.666.666.666.900;1829
93;1209;Bhojpur;\N;\N;87.049.999.999.999.900;27.183.333.333.333;1595
386;121;DODHARA;KANCHANPUR;PRECIPITATION;80.088.282.777.778.000;28.888.237.777.777.900;175
95;1210;Kurle Ghat;Khotang;Precipitation;86.429.526.944.444.000;27.136.315.833.333.000;341
98;1211;Khotang Bazar;Khotang;Precipitation;86.843.372.777.778.000;27.029.300.833.333;1305
100;1212;Phatepur;Saptari;Climatology;86.931.448.055.556.000;26.736.666.944.444;83
102;1213;Udayapur Gadhi;Udayapur;Climatology;86.539.677.777.777.900;26.912.952.777.777.900;469
104;1215;Lahan;Siraha;Agrometeorology;86.477.194.999.999.900;26.732.841.944.444.000;110
107;1216;Siraha;Siraha;Climatology;86.211.657.777.778.000;26.656.120.833.332.900;63
109;1217;Khumjung;Solukhumbu;Precipitation;86.716.388.888.889;27.818.888.888.888.900;3750
111;1218;Tengboche;Solukhumbu;Climatology;86.766.666.666.667.000;27.833.333.333.333.000;3857
113;1219;Salleri;Solukhumbu;Climatology;86.586.214.999.999.900;27.505.117.777.778;2383
387;122;PARSIA;KANCHANPUR;PRECIPITATION;80.388.163.888.888.900;28.773.723.055.556.000;170
115;1220;Chialsa;Solukhumbu;Agrometeorology;86.616.666.666.667.000;27.483.333.333.333;2770
117;1221;Amatai;\N;\N;86.366.666.670.000.000;26.983.333.330.000.000;454
119;1222;Diktel;Khotang;Climatology;86.791.885.833.332.900;27.212.521.944.443.900;1612
121;1223;Rajbiraj;Saptari;Climatology;86.742.525.000.000.000;26.540.704.999.999.900;68
124;1224;Siruwa;Solukhumbu;Precipitation;86.372.327.777.777.900;27.555.641.944.444.000;1614
126;1225;Syangboche;Solukhumbu;Climate;86.710.555.555.555.900;27.811.388.888.888.900;3700
128;1226;Barmajhiya;Saptari;Precipitation;86.900.046.000.000.000;26.595.380.833.333;71
130;1227;Gaighat;Udayapur;Precipitation;86.699.167.777.778.000;26.801.269.000.000.000;179
388;123;BICHAWA;KANCHANPUR;PRECIPITATION;80.518.479.999.999.900;28.773.342.777.778.000;176
389;124;JHALARI;KANCHANPUR;PRECIPITATION;80.369.963.888.889.000;28.897.020.000.000.000;195
132;1301;Num;Sankhuwasabha;Precipitation-off;87.285.197.999.999.900;27.555.347.777.778;1494
133;1302;Dumuhan;\N;\N;87.599.999.999.999.900;27.350.000.000.000.000;762
135;1303;Chainpur (East);Sankhuwasabha;Climatology;87.316.965.833.333.000;27.292.096.944.444.000;1277
137;1304;Pakhribas;Dhankuta;Agrometeorology;87.292.500.000.000.000;27.046.338.888.889;1720
139;1305;Leguwa Ghat;Dhankuta;Precipitation;87.289.194.444.444.000;27.153.388.888.889.000;446
141;1306;Muga;Dhankuta;Precipitation;87.244.444.444.443.900;27.050.002.500.000.000;1457
143;1307;Dhankuta;Dhankuta;Synoptic;87.345.955.555.556.000;26.983.219.444.444;1192
145;1308;Mul Ghat;Dhankuta;Precipitation;87.319.689.999.999.900;26.931.750.000.000.000;286
147;1309;Tribeni (Dhankuta);Dhankuta;Precipitation;87.159.859.999.999.900;26.914.242.777.778;146
149;1310;Barahkshetra;Dhankuta;Climatology;87.166.666.666.666.900;26.866.666.666.667.000;146
151;1311;Dharan Bazar;Sunsari;Climatology;87.297.777.777.777.900;26.792.175;310
153;1312;Haraincha;Morang;Precipitation;87.370.747.777.778.000;26.610.008.888.888.900;93
155;1313;Biratnagar;Morang;Climatology;87.283.333.333.333.000;26.466.666.666.666.900;67
157;1314;Terhathum;Terhathum;Climatology;87.536.190.000.000.000;2.712.304;1525
159;1315;Khare Lalamt;Sankhuwasabha;Precipitation;87.25;27.25;541
161;1316;Chatara;Sunsari;Climatology;87.159.165.000.000.000;26.820.435;105
163;1317;Chepuwa;Sankhuwasabha;Precipitation;8.741.234;27.753.311.944.444;2039
166;1318;Paripatle(H;Dhankuta;Climate;87.299.999.999.999.900;27.016.666.666.667;1364
168;1319;Biratnagar Airport;Morang;Aeronautical;87.267.005.999.999.900;26.483.967;72
170;1320;Tarahara;Sunsari;Agrometeorology;87.278.737.777.778.000;26.698.818.888.889.000;120
172;1321;Tumlingtar;Sankhuwasabha;Precipitation;87.204.333.333.332.900;27.301.277.777.778.000;477
174;1322;Machhuwaghat;Dhankuta;Precipitation;87.154.722.222.222.000;26.938.055.555.556.000;168
177;1323;Dharan Briti;Sunsari;Climatology;87.283.333.333.333.000;26.783.333.333.333.000;400
179;1324;Bhojpur;Bhojpur;Agrometeorology;87.049.999.999.999.900;27.183.333.333.333;1595
182;1325;Dingla;Bhojpur;Precipitation;87.146.289.999.999.900;27.352.789.999.999.900;1169
186;1326;Letang;Morang;Precipitation;87.501.666.666.667.000;26.734.166.666.667.000;256
189;1327;Khadbari;Sankhuwasabha;Climatology;87.204.383.888.888.900;27.391.061.944.444.000;1064
191;1401;Olangchuhg G;Taplejung;Climatology;87.783.333.333.333.000;27.683.333.333.333;3119
193;1402;Pangthung Do;Panchther;Climate;87.816.666.666.667.000;27.683.333.333.333;2818
195;1403;Lungthung;Taplejung;Precipitation;87.793.858.888.889.000;27.547.311.944.444.000;1807
197;1404;Taplethok;Taplejung;Precipitation;87.773.053.888.888.900;27.489.211.944.444.000;1388
199;1405;Taplejung;Taplejung;Synoptic;87.670.000.000.000.000;27.358.611.111.110.900;1744
201;1406;Memeng Jagat;Panchther;Precipitation;87.929.786.944.444.000;27.185.503.000.000.000;1590
203;1407;Ilam Tea Estate;Ilam;Climatology;87.923.083.333.332.900;26.909.638.888.888.900;1208
205;1408;Damak;Jhapa;Climatology;87.703.175.833.333.000;26.670.665.833.333;119
207;1409;Anarmani Birta;Jhapa;Precipitation;87.988.580.555.555.900;26.625.063.888.888.900;122
209;1410;Himali Gaun;Ilam;Precipitation;88.027.388.888.889.000;26.886.527.777.777.900;1654
211;1411;Soktim Tea E;Ilam;Climate;87.900.000.000.000.000;26.800.000.000.000.000;530
213;1412;Chandra Gadhi;Jhapa;Climatology;88.061.499.999.999.900;26.563.888.888.889;90
215;1413;Khamachin;Taplejung;Climate;87.983.333.333.332.900;27.733.333.333.333;4242
217;1414;Nup;Taplejung;Climatology;87.866.666.666.667.000;27.716.666.666.666.900;4000
219;1415;Sanischare;Jhapa;Precipitation;87.988.611.111.110.900;26.689.722.222.221.900;168
221;1416;Kanyam Tea Estate;Ilam;Climatology;88.078.333.333.333.000;26.868.055.555.556.000;1570
223;1417;Jaubari;I lam;Climatology;88;27.066.666.666.667;3050
225;1418;Angbung;Panchther;Climatology;87.716.666.666.666.900;27.266.666.666.667;1219
227;1419;Phidim (Panchther);Panchther;Climatology;87.765.595.000.000.000;27.143.673.888.889.000;1157
229;1420;Dovan;Taplejung;Precipitation;87.619.915.000.000.000;27.363.689.999.999.900;700
231;1421;Gaida (Kankai) ;Jhapa;Climatology;87.860.722.222.221.900;26.656.888.888.889;107
233;1422;Kechana;Jhapa;Climatology;88.003.749.999.999.900;26.396.166.666.667;71
549;197;Gokuleshwar;Darchula;Climatology;80.561.944.444.443.900;29.678.055.555.556;761
546;198;Darchula New;Darchula;Climatology;80.538.848.055.556.000;29.842.878.055.556;887
547;199;Patan New;Baitadi;Climatology;80.550.569.999.999.900;29.466.388.888.889;1299
20;201;Pipalkot;Bajhang;Precipitation;80.847.909.999.999.900;2.961.881;1455
22;202;Chainpur (West);Bajhang;Climatology-off;81.216.666.666.666.900;29.550.000.000.000.000;1304
25;203;Silgadhi Doti;Doti;Climatology;80.983.602.000.000.000;29.268.035.999.999.900;1309
27;204;Bajura (Martadi);Bajura;Climatology;81.480.383.888.888.900;29.456.978.888.889.000;1598
29;205;Katai;Doti;Precipitation;81.133.333.333.332.900;29;1388
32;206;Asara Ghat;Achham;Precipitation;81.444.319.444.444.000;28.950.294.444.444.000;632
34;207;Tikapur;Kailali;Climatology;81.115.119.444.444.000;28.536.497.222.222;149
36;208;Sandepani;Kailali;Precipitation;80.978.508.888.888.900;28.664.176.111.111.000;159
39;209;Dhangadhi(Attariya);Kaliali;Synoptic;80.559.951.111.111.000;28.812.728.888.889.000;184
42;210;Bangga Camp;Achham;Precipitation;81.149.793.055.556.000;28.964.648.888.888.900;1180
44;211;Khaptad;Doti;Precipitation-off;81.146.301.111.111.000;29.388.048.888.888.900;3068
46;212;Sitapur;Kailali;Precipitation;80.831.765.000.000.000;28.554.055.000.000.000;148
48;214;Kola Gaun;Doti;Precipitation;80.709.447.777.777.900;29.120.151.944.444;1364
50;215;Godavari(West);Kailali;Climatology;80.579.188.888.889.000;2.887.623;280
52;216;Teghari;Kailali;Climatology-off;80.566.666.666.667.000;28.833.333.333.333.000;190
54;217;Mangalsen;Achham;Climatology;81.250.091.666.667.000;29.136.113.888.889;1310
56;218;Dipayal (Doti);Doti;Synoptic;80.936.900.833.332.900;29.262.096.944.444;563
58;220;Oli Gaun (Patkani);Achham;Climatology;81.283.133.888.888.900;29.155.944.999.999.900;989
390;221;AGRA;BAJHANG;Precipitation-off;81.349.999.999.999.900;29.733.332.999.999.900;\N
391;222;RAISALLI (Daulichaur);BAJHANG;Precipitation;81.216.130.000.000.000;2.965.889;2011
392;223;THALARA;BAJHANG;PRECIPITATION;81.070.920.000.000.000;29.561.540.000.000.000;2360
393;224;OIRANO;BAJURA;PRECIPITATION;80.423.433.888.888.900;29.410.978.888.889.000;1116
394;225;Sunkuda;BAJHANG;PRECIPITATION;80.897.379.999.999.900;2.948.912;894
395;226;RAYAL;BAJHANG;Precipitation;80.954.049.999.999.900;29.464.594.999.999.900;919
396;227;KOLTI;BAJURA;Precipitation;81.666.176.111.111;29.503.486.944.443.900;1411
397;228;KAILASMANDU;BAJURA;PRECIPITATION;81.333.858.888.888.900;29.352.916.944.444.000;917
398;229;JHINGRANA;DOTI;PRECIPITATION;81.045.105.000.000.000;29.341.060.833.333;2249
399;230;GOPGHAT (GOLAGHAT);ACHHAM;PRECIPITATION;81.274.813.055.555.900;29.284.956.944.444.000;1548
400;231;KALUKHETI;BAJHANG;PRECIPITATION;81.168.379.999.999.900;2.944.736;1447
401;232;SAFEBAGAR;ACHHAM;PRECIPITATION;81.208.449.999.999.900;292.349;626
402;233;GAIRA;DOTI;PRECIPITATION;80.600.738.000.000.000;29.163.852.777.778.000;1856
403;234;DUMRAKOT;DOTI;PRECIPITATION;81.011.799.999.999.900;29.163.351.944.443.900;1042
404;235;SUGALI;ACHHAM;PRECIPITATION;81.372.938.888.888.900;29.179.806.944.444;1668
405;236;SAPTA;BAJURA;Precipitation;81.718.926.111.111.000;29.403.306.944.444.000;1099
406;237;BASTI;ACHHAM;Precipitation;81.171.133.333.333.000;29.030.983.333.333.000;474
407;238;CHIURI;DOTI;PRECIPITATION;80.804.431.944.444.000;28.998.363.055.555.900;1492
408;239;MALAKHETI;KAILALI;PRECIPITATION;80.519.075.999.999.900;28.828.056.111.111;185
409;240;CHAUMALA;KAILALI;PRECIPITATION;80.742.926.944.443.900;28.774.151.944.444;171
410;241;GOGANEPANI;KAILALI;PRECIPITATION;81.245.871.944.444.000;28.656.296.944.444.000;1070
411;242;GARMAN DARBAR;KAILALI;PRECIPITATION;80.767.402.000.000.000;28.896.073.888.888.900;1280
412;243;BALIYA;KAILALI;PRECIPITATION;81.142.781.111.111.000;28.628.278.888.889;167
413;244;BHAJANI;KAILALI;PRECIPITATION;80.969.543.055.556.000;28.489.843.888.888.900;132
548;299;Jhingrana;Doti;Climatology-wrong station;81.045.000.000.000.000;29.341.111.111.111.000;2249
373;299;Chainpur Bajhang AWS climate ;Bajhang;Climatology;81.201.139.999.999.900;2.954.589;1405
60;301;Mugu;Mugu;Precipitation-off;82.549.999.999.999.900;29.75;3803
62;302;Thirpu;Kalikot;Precipitation;81.751.861.111.110.900;29.303.222.222.222.000;1017
64;303;Jumla;Jumla;Synoptic;82.179.577.777.777.900;29.274.661.111.111.000;2363
65;304;Guthi Chaur;Jumla;Precipitation;82.330.419.444.444.000;29.230.880.555.555.900;2727
67;305;Sheri Ghat;Kalikot;Precipitation;81.588.361.111.110.900;29.129.958.333.333.000;1090
69;306;Gam Shree Nagar;Mugu;Climatology;82.154.277.777.778.000;29.550.305.555.556.000;2113
71;307;Rara;Mugu;Climatology;82.081.824.999.999.900;29.540.125;2989
73;308;Nagma;Kalikot;Climatology;81.910.569.444.443.900;29.200.605.555.555.900;2017
75;309;Bijayapur (Raskot);Kalikot;Precipitation;81.639.138.888.888.900;29.249.500.000.000.000;1822
77;310;Dipal Gaun;Jumla;Climatology;82.223.011.111.111.000;29.263.855.555.555.900;2422
79;311;Simikot;Humla;Climatology;81.816.111.111.110.900;29.971.533.333.332.900;2993
81;312;Dunai;Dolpa;Climatology;82.896.047.222.221.900;2.895.065;2098
14;313;Darma;Humla;Precipitation;82.071.849.999.999.900;29.730.568.888.889;2288
414;314;KIRMI;HUMLA;PRECIPITATION;81.702.758.055.556.000;30.051.833.888.889;2859
415;315;GHATYA KHOLA;HUMLA;Precipitation;81.879.201.944.444.000;29.919.661.944.444.000;2230
416;316;THALI;HUMLA;Precipitation;81.879.729.999.999.900;29.850.996.944.443.900;2293
417;317;GOTHI;HUMLA;PRECIPITATION;81.952.645.000.000.000;29.778.278.055.556.000;1680
418;318;BAU KHOLA (BAM);MUGU;PRECIPITATION;82.134.898.888.888.900;29.613.876.111.111.000;2821
419;319;MANGRI;MUGU;PRECIPITATION;82.305.803.055.555.900;29.589.043.055.556.000;2257
420;320;GAMTHA;MUGU;PRECIPITATION;81.892.673.888.888.900;29.508.678.888.889.000;1848
421;321;SEROGE;MUGU;PRECIPITATION;82.395.073.888.889.000;2.957.769;2245
422;322;CHAUTHA;JUMLA;PRECIPITATION;82.107.444.444.443.900;29.431.111.111.111.000;2785
423;323;JACHA;JUMLA;PRECIPITATION;81.974.333.333.333.000;29.377.952.777.777.900;2380
424;324;RUDU(NARAKOT);JUMLA;PRECIPITATION;81.986.291.666.667;29.327.677.777.778;2364
544;325;RIMICHAUR;Jumla;Precipitation;82.215.698.055.556.000;29.319.880.000.000.000;2692
425;326;JAMNA (Dillichaur);JUMLA;PRECIPITATION;82.283.332.999.999.900;29.316.666.999.999.900;2438
426;327;TATOPANI;JUMLA;PRECIPITATION;82.066.358.333.333;29.233.463.888.888.900;2288
427;328;BIUNTHARI;DOLPA;Precipitation;82.762.877.777.778.000;29.031.547.222.221.900;2440
428;329;MANMA;KALIKOT;Climatology;81.613.538.888.888.900;29.148.797.222.222.000;1729
429;330;KAIGAUN;DOLPA;Climatology;82.601.566.666.666.900;29.116.072.222.222.000;2683
430;331;GELA;KALIKOT;PRECIPITATION;81.700.527.777.778.000;29.096.444.444.444;1732
431;332;JUPHAL;DOLPA;PRECIPITATION;82.820.744.444.444.000;28.983.633.333.333;2475
550;398;Simikot Airport;Humla;Climatology-off;81.816.111.111.110.900;29.971.666.666.667.000;2997
372;399;Jumla A/P ;Jumla;Climatology;82.194.149.999.999.900;29.273.966.666.667;2384
369;4;Sankhu AWS;Kathmandu;AWS;85.466.666.666.666.900;27.75;1805
16;401;Pusma Camp;Surkhet;Climatology;81.232.726.111.111.000;28.875.515;953
19;402;Dailekh;Dailekh;Climatology;81.708.483.333.333.000;28.838.111.111.111.000;1394
23;403;Jamu (Tikuwa Kuna);Surkhet;Precipitation;81.330.744.444.443.900;28.780.969.444.444.000;243
84;404;Jajarkot;Jajarkot;Climatology;82.200.792.000.000.000;28.698.603.888.889;1240
85;405;Chisapani(Karnali);Kailali;Climatology;81.285.427.777.777.900;28.647.219.444.444.000;201
87;406;Surkhet (Birendra Nagar);Surkhet;Synoptic;81.635.161.111.111.000;28.587.869.444.443.900;720
31;407;Kusum;Banke;Precipitation-off;82.093.888.888.888.900;280.075;200
35;408;Gulariya;Bardiya;Climatology;81.345.211.111.110.900;28.212.786.111.111.000;126
37;409;Khajura (Nepalganj);Banke;Agrometeorology;81.590.305.555.556;28.113.683.333.333;129
40;410;Bale Budha (Tallo Dhungeshwor);Dailekh;Precipitation;81.584.344.444.444;28.784.400.000.000.000;590
90;411;Rajapur;Bardiya;Precipitation;81.097.583.333.333.000;28.434.027.777.777.900;133
92;412;Naubasta;Banke;Precipitation;81.652.702.777.778.000;28.230.225.000.000.000;161
94;413;Shyano Shree(Chepang);Bardiya;Precipitation-off;81.719.166.666.666.900;28.353.055.555.556.000;510
97;414;Baijapur;Banke;Precipitation;81.898.519.444.444.000;28.018.363.888.888.900;150
99;415;Bargadaha;Bardiya;Precipitation;81.338.036.111.110.900;28.425.886.111.111.000;166
101;416;Nepalgunj(Reg.Off.);Banke;Climatology;81.622.838.888.889.000;28.051.994.444.443.900;141
103;417;Rani Jaruwa Nursery;Bardiya;Climatology;81.337.841.666.667.000;28.337.358.333.333;145
105;418;Maina Gaun (D.Bas);Jajarkot;Precipitation;82.268.888.000.000.000;28.961.314.999.999.900;1913
106;419;Sikta;Banke;Agrometeorology;81.974.916.666.666.900;28.029.861.111.111;161
108;420;Nepalgunj Airport;Banke;Aeronautical;81.668.247.222.222.000;28.100.555.555.555.900;165
432;421;BHANU THANA;JAJARKOT;Precipitation-off;81.599.999.999.999.900;28.966.667.000.000.000;\N
433;422;GWATI;DAILEKH;PRECIPITATION;81.750.191.666.667.000;28.907.111.111.111;1472
434;423;RANIMATTA;DAILEKH;PRECIPITATION;81.628.802.777.778.000;28.694.427.777.777.900;2157
435;424;DADIMADI;DAILEKH;PRECIPITATION;81.626.083.333.333;28.922.027.777.777.900;1281
436;425;KATTI;DAILEKH;PRECIPITATION;81.821.444.444.443.900;28.780.222.222.222.000;1224
437;426;BADHICHAUR;SURKHET;PRECIPITATION;81.505.613.888.889.000;28.713.013.888.889.000;535
438;427;PIPALCHAUR;JAJARKOT;PRECIPITATION;822.864;28.730.066.111.111;783
439;428;JAGATIPUR;JAJARKOT;PRECIPITATION;82.156.378.055.556.000;28.657.218.888.888.900;1386
440;429;DANDAGAUN;SURKHET;Precipitation;81.783.332.999.999.900;28.533.332.999.999.900;1371
441;430;KHANIKHOLA;SURKHET;PRECIPITATION;81.906.300.833.333.000;28.521.858.888.889;1335
442;431;RAKAM;SURKHET;PRECIPITATION;82.021.471.944.444.000;28.524.535.833.333.000;565
443;432;MEHALKUNA;SURKHET;Climatology;81.843.116.666.667.000;28.438.858.333.332.900;540
444;433;KALIDAMAR;SURKHET;PRECIPITATION;81.729.408.333.332.900;28.420.947.222.222.000;635
445;434;KUMALGAUN;BARDIYA;PRECIPITATION;81.312.081.111.110.900;28.349.544.999.999.900;144
446;435;TARATAL;BARDIYA;PRECIPITATION;81.275.863.888.889.000;28.307.825.000.000.000;141
447;436;RAMBHAPUR;BARDIYA;PRECIPITATION;81.414.283.333.333.000;28.363.538.888.889;150
448;437;MANPUR;BARDIYA;PRECIPITATION;81.480.088.888.889;28.185.561.111.110.900;132
449;438;DHAKERI;BANKE;PRECIPITATION;81.766.143.888.889.000;28.157.153.888.888.900;153
450;439;BELMAR;BANKE;PRECIPITATION;81.584.055.555.556.000;28.067.824.999.999.900;134
451;440;BHAGAWANPUR;BANKE;PRECIPITATION;81.785.694.444.444.000;27.947.483.333.333;137
533;441;Surkhet Regional Office;Surkhet;Precipitation;81.624.291.666.667.000;28.602.236.111.111.000;720
554;442;Samajhighat (Bheri Pul);Surkhet;Precipitation;81.663.600.000.000.000;28.518.899.999.999.900;446
8;44404;Dadeldhura;Dadeldhura;Synoptic;80.587.751.944.443.900;29.301.352.000.000.000;1879
56;44406;Dipayal (Doti);Doti;Synoptic;80.936.900.833.332.900;29.262.096.944.444;563
39;44409;Dhangadhi(Attariya);Kaliali;Synoptic;80.559.951.111.111.000;28.812.728.888.889.000;184
87;44416;Surkhet (Birendra Nagar);Surkhet;Synoptic;81.635.161.111.111.000;28.587.869.444.443.900;720
108;44418;Nepalgunj Airport;Banke;Aeronautical;81.668.247.222.222.000;28.100.555.555.555.900;165
64;44424;Jumla;Jumla;Synoptic;82.179.577.777.777.900;29.274.661.111.111.000;2363
134;44429;Ghorai (Dang);Dang;Synoptic;82.484.155.999.999.900;28.037.198.888.889.000;663
243;44434;Pokhara Airport;Kaski;Aeronautical;83.979.522.222.222.000;28.200.183.333.333.000;827
198;44438;Bhairahawa Airport;Rupandehi;Aeronautical;83.420.447.222.221.900;27.506.819.444.444.000;108
277;44449;Simara Airport;Bara;Aeronautical;84.980.000.000.000.000;27.164.166.666.667.000;137
366;44454;Kathmandu Airport;Kathmandu;Aeronautical;85.356.247.222.221.900;27.703.824.999.999.900;1337
126;44461;Syangboche;Solukhumbu;Climate;86.710.555.555.555.900;27.811.388.888.888.900;3700
88;44462;Okhaldhunga;Okhaldhunga;Synoptic;86.504.225.000.000.000;27.308.120.833.333;1731
199;44474;Taplejung;Taplejung;Synoptic;87.670.000.000.000.000;27.358.611.111.110.900;1744
143;44477;Dhankuta;Dhankuta;Synoptic;87.345.955.555.556.000;26.983.219.444.444;1192
168;44478;Biratnagar Airport;Morang;Aeronautical;87.267.005.999.999.900;26.483.967;72
51;44700;Janakpur Airport;Dhanusa;Aeronautical;85.924.422.222.222.000;26.710.750.000.000.000;76
370;5;Lele AWS;\N;AWS;85.349.999.999.999.900;27.558.333.333.333;1987
110;501;Rukumkot;Rukum;Precipitation;82.620.663.888.888.900;28.612.803.055.556;1568
112;502;Shera Gaun;Rukum;Precipitation;82.815.373.055.555.900;28.578.258.055.555.900;2170
114;504;Libang Gaun;Rolpa;Climatology;82.632.313.888.889.000;28.306.197.222.222;1314
116;505;Bijuwar Tar;Pyuthan;Climatology;82.852.016.666.666.900;28.103.547.222.222.000;835
118;507;Nayabasti (Dang);Dang;Precipitation;82.139.393.888.889.000;28.201.322.999.999.900;685
120;508;Tulsipur;Dang;Climatology;82.302.783.333.332.900;28.131.747.222.222;683
122;509;Ghorahi (Masina);Dang;Precipitation-off;82.5;28.050.000.000.000.000;725
123;510;Koilabas;Dang;Precipitation;82.525.126.944.443.900;27.692.333.055.555.900;200
125;511;Salyan Bazar;Salyan;Climatology;82.142.251.111.110.900;28.382.103.055.556.000;1557
127;512;Luwamjula Bazar;Salyan;Precipitation;82.258.006.111.111.000;28.296.758.888.888.900;895
129;513;Chaurjhari Tar;Rukum;Climatology;82.210.306.944.444;28.653.993.055.556.000;863
131;514;Musikot(Rukumkot);Rukum;Climatology;82.462.201.944.444.000;2.861.844;1412
134;515;Ghorai (Dang);Dang;Synoptic;82.484.155.999.999.900;28.037.198.888.889.000;663
136;516;Tulsipur Ii;Dang;Agrometeorology;82.299.999.999.999.900;28.116.666.666.667.000;725
452;517;KOTJHARI;RUKUM;PRECIPITATION;82.234.059.999.999.900;28.658.429.999.999.900;1142
453;518;KABRENETA;SALLYAN;PRECIPITATION;82.287.578.888.889.000;28.528.894.999.999.900;1143
454;519;THARMARE;SALLYAN;PRECIPITATION;82.279.853.055.556.000;28.452.255.000.000.000;1338
455;520;KEUR GAUN;ROLPA;PRECIPITATION;82.362.805.555.555.900;28.422.899.999.999.900;2145
456;521;PAKHAPANI;SALLYAN;PRECIPITATION;82.060.421.111.110.900;28.448.843.888.889.000;846
457;522;RULBANG (Juwang);ROLPA;Precipitation;82.764.888.888.889.000;28.306.022.222.222.000;1046
458;523;JYAMIRE;SALLYAN;PRECIPITATION;81.993.867.777.777.900;28.307.731.111.111;649
459;524;SEULIBANG;PYUTHAN;PRECIPITATION;82.949.994.444.444.000;28.311.491.666.666.900;1685
460;525;RAMPUR;SALLYAN;PRECIPITATION;82.057.673.888.888.900;28.282.266.944.444;696
461;526;DANMAN;ROLPA;Precipitation-off;82.483.333.000.000.000;28.233.332.999.999.900;\N
462;527;SULICHOUR(SARICHOUR);ROLPA;PRECIPITATION;82.729.186.111.111.000;28.247.219.444.443.900;845
463;528;PHOPLI;PYUTHAN;PRECIPITATION;82.874.622.222.222.000;28.185.961.111.110.900;1641
464;529;PADHAMPUR;DANG;PRECIPITATION;82.135.467.000.000.000;28.188.545.000.000.000;656
465;530;SWARGDWARI;PYUTHAN;PRECIPITATION;82.701.303.055.555.900;28.128.441.944.443.900;1232
466;531;AMBAPUR;DANG;PRECIPITATION;82.271.889.999.999.900;28.008.510.000.000.000;586
467;532;SUKHABARE;DANG;PRECIPITATION;82.390.794.999.999.900;28.015.944.999.999.900;586
468;533;RATAMATA;DANG;PRECIPITATION;82.612.070.000.000.000;27.962.816.944.444;517
469;534;HANSPUR;PYUTHAN;PRECIPITATION;82.878.821.944.443.900;27.954.253.888.888.900;742
470;535;RAMPUR (Beljhundi);DANG;PRECIPITATION;82.363.666.666.667.000;28.100.272.222.221.900;649
471;536;GANGADI;DANG;PRECIPITATION;82.335.096.111.111;27.884.868.888.888.900;216
472;537;LAMAHI;DANG;PRECIPITATION;82.536.666.666.667.000;27.870.555.555.555.900;243
473;538;LALMATIYA;DANG;PRECIPITATION;82.726.122.222.222.000;27.842.430.555.556;287
474;539;GADHAWA;DANG;PRECIPITATION;82.538.781.944.443.900;278.156;231
534;540;Jalkundi;DANG;Precipitation;82.228.373.055.556.000;27.961.016.111.111;204
138;601;Jomsom;Mustang;Climatology;83.729.816.666.667.000;28.784.011.111.110.900;2741
96;603;Dhorpatan;Baglung;Climatology;83.083.333.333.333.000;28.483.333.333.333;2820
140;604;Thakmarpha;Mustang;Agrometeorology;83.681.833.333.333.000;28.738.872.222.222;2655
142;605;Baglung;Baglung;Climatology;83.600.322.222.222.000;28.263.636.111.111.000;964
144;606;Tatopani;Myagdi;Precipitation;83.640.415.833.332.900;28.477.492.777.778;1161
146;607;Lete;Mustang;Climatology;83.609.222.222.222.000;28.632.733.333.333;2490
148;608;Ranipauwa (M.Nath);Mustang;Precipitation;83.862.222.222.222.000;28.815.555.555.555.900;3671
150;609;Beni Bazar;Myagdi;Precipitation-off;83.566.666.666.667.000;28.350.833.333.333;835
152;610;Ghami (Mustang);Mustang;Precipitation-off;83.883.333.333.332.900;29.050.000.000.000.000;3465
154;612;Mustang(Lomangthang);Mustang;Climatology-off;83.966.666.666.666.900;29.183.333.333.333;3705
156;613;Karki Neta;Parbat;Precipitation;83.748.197.222.222.000;28.177.266.666.666.900;1642
158;614;Kushma;Parbat;Climatology;83.676.918.888.889.000;28.224.936.111.110.900;900
160;615;Bobang;Baglung;Precipitation;83.084.472.222.222.000;28.397.361.111.111;1722
162;616;Gurja Khani;Myagdi;Climatology-off;83.700.833.333.332.900;28.398.555.555.556.000;2872
164;619;Ghorepani;Myagdi;Precipitation;83.700.833.333.332.900;28.398.555.555.556.000;2742
165;620;Tribeni;Parbat;Precipitation;83.645.222.222.222.000;28.034.138.888.889;673
167;621;Darbang;Myagdi;Precipitation;83.400.000.000.000.000;28.383.333.333.332.900;1160
169;622;Rangkhani;Baglung;Precipitation;83.558.244.444.444;28.144.088.888.889.000;1728
171;623;Dhiee;Mustang;Precipitation-off;84;29.100.000.000.000.000;3620
173;624;Samar Gaun;Mustang;Precipitation;83.801.629.000.000.000;28.962.019.999.999.900;3610
175;625;Dhakarjhong;Mustang;Precipitation;83.739.505.555.555.900;28.823.594.444.444.000;3200
176;626;Bega;Myagdi;Precipitation;83.576.184.999.999.900;28.442.713.888.888.900;1682
178;627;Kuhun;Myagdi;Precipitation;83.483.333.333.332.900;28.383.333.333.332.900;1550
180;628;Muna;Myagdi;Precipitation;83.299.999.999.999.900;28. Mai;1970
183;629;Baghara;Myagdi;Precipitation;83.383.333.333.332.900;28.566.666.666.667;2330
185;630;Sirkon;Parbat;Precipitation;83.634.708.333.332.900;28.127.322.222.221.900;731
475;631;BHIMGITHHE;BAGLUNG;Climatology;83.178.638.888.888.900;28.276.527.777.778;1008
476;632;GALKOT;BAGLUNG;PRECIPITATION;83.418.811.111.110.900;28.218.691.666.666.900;1162
187;633;Chhoser;Mustang;Climatology;83.979.815.000.000.000;29.227.131.944.444;3886
190;701;Ridi Bazar;Gulmi;Precipitation;83.443.152.777.777.900;27.938.566.666.667.000;494
192;702;Tansen;Palpa;Climatology;83.538.711.111.110.900;27.863.661.111.111;1183
194;703;Butwal;Rupandehi;Climatology;83.466.305.555.556.000;27.694.388.888.889.000;180
196;704;Beluwa (Girwari);Nawalparasi;Precipitation;84.074.383.333.333.000;27.674.883.333.333;237
198;705;Bhairahawa Airport;Rupandehi;Aeronautical;83.420.447.222.221.900;27.506.819.444.444.000;108
200;706;Dumkauli;Nawalparasi;Agrometeorology;84.228.541.666.666.900;27.680.675.000.000.000;183
202;707;Bhairahawa (Agric);Rupandehi;Agrometeorology;83.458.116.666.666.900;27.529.030.555.556.000;112
204;708;Parasi;Nawalparasi;Climatology;83.662.183.333.333.000;2.751.925;112
206;709;Bara Ghat;Nawalparasi;Precipitation;83.783.333.333.333.000;27.550.000.000.000.000;142
208;710;Dumkibas;Nawalparasi;Precipitation;83.867.702.777.778.000;27.591.022.222.222.000;167
210;711;Tamaspur;Nawalparasi;Precipitation;82.950.000.000.000.000;27.566.666.666.667;150
212;712;Tribhuvan Tar;Nawalparasi;Precipitation;84.099.999.999.999.900;27.616.666.666.667.000;174
214;713;Rambas;Nawalparasi;Precipitation;84.166.666.666.666.900;27.699.999.999.999.900;423
216;714;Kritipur Chuli;Nawalparasi;Precipitation;84.183.333.333.332.900;27.733.333.333.333;842
218;715;Khanchikot;Arghakhanchi;Climatology;83.129.805.555.556.000;27.922.055.555.556;1801
220;716;Taulihawa;Kapilbastu;Climatology;83.067.169.444.444.000;27.571.075;106
222;719;Koluwa;Nawalparasi;Precipitation;84.049.999.999.999.900;27.566.666.666.667;134
224;720;Koilapani;Nawalparasi;Precipitation;84.133.333.333.332.900;27.683.333.333.333;258
226;721;Pattharkot (West);Kapilbastu;Precipitation;83.048.458.333.333.000;27.756.491.666.666.900;190
228;722;Musikot;Gulmi;Precipitation;83.268.027.777.778.000;28.169.980.555.555.900;1353
230;723;Bhagwanpur;Kapilbastu;Precipitation;82.791.191.666.667.000;27.669.936.111.110.900;148
232;724;Paklihawa;Rupandehi;Climatology;83.433.333.333.332.900;27.483.333.333.333;100
234;725;Tamghas;Gulmi;Climatology;83.243.525.000.000.000;28.063.600.000.000.000;1547
235;726;Gandakot;Palpa;Precipitation;83.956.030.555.555.900;27.865.411.111.111.000;519
236;727;Lumbini Mandir;Rupandehi;Climatology;83.276.111.111.111.000;27.470.277.777.778.000;95
237;728;Semari;Nawalparasi;Climatology;83.786.116.666.666.900;27.468.188.888.888.900;110
238;729;Lumbini;Rupandehi;Climatology;83.276.163.888.889.000;27.470.263.888.889.000;98
239;730;Sitapur(Nepaney);Arghakhanchi;Precipitation;83.139.666.666.666.900;27.885.027.777.777.900;1618
477;731;AGIMIR;GULMI;PRECIPITATION;83.113.275.000.000.000;28.164.155.000.000.000;1493
478;732;ANP CHOUR;GULMI;Climatology;83.320.466.944.443.900;28.124.243.888.889.000;738
479;733;BHARSE;GULMI;Precipitation;83.437.697.222.221.900;28.070.402.777.778;1626
480;734;DAUGHA;GULMI;Precipitation;83.338.116.666.667.000;27.936.499.999.999.900;960
481;735;SIDHARA;ARGAKHACHI;Precipitation;82.828.383.333.332.900;27.794.499.999.999.900;371
482;736;DEDHGAUNTAR;PARASI;PRECIPITATION;84.077.349.999.999.900;27.851.508.333.333.000;379
483;737;RANGSING;ARGAKHACHI;Precipitation;82.784.008.333.333.000;27.803.302.777.778.000;333
484;738;BALDYANGGADI;PALPA;Precipitation;83.313.138.888.889;27.807.500.000.000.000;1640
485;739;JALPA;PALPA;Precipitation;83.726.361.111.111.000;27.806.055.555.556;1512
486;740;ARCHALE;PALPA;Precipitation;83.857.611.111.110.900;27.782.611.111.110.900;1005
487;741;CHAMEHAT;PALPA;PRECIPITATION;83.634.955.555.556.000;27.824.794.444.443.900;\N
488;742;HATTILUNG;PALPA;PRECIPITATION;83.620.222.222.221.900;27.721.694.444.444.000;1127
489;743;BANGANGA;KAPILVASTU;Precipitation;83.161.255.555.555.900;27.693.294.444.444;140
490;744;DEURALI NAWAL;PARASI;Precipitation;83.778.675.000.000.000;27.679.802.777.778.000;238
491;745;SURAYPURA;RUPENDEHI;Precipitation;83.310.133.333.332.900;27.588.383.333.332.900;114
492;746;BARDAGHAT;PARASI;PRECIPITATION;83.785.955.555.556.000;27.557.175.000.000.000;126
493;747;BAHADUR GANJ;KAPILVASTU;PRECIPITATION;83.849.999.999.999.900;27.550.000.000.000.000;\N
494;748;TRIBENI;PARASI;Precipitation;83.932.344.444.443.900;27.453.441.666.667;118
495;749;MARCHABAR;RUPENDEHI;Precipitation;83.382.774.999.999.900;27.467.611.111.111.000;104
537;750;Sandhikharka;Arghakhanchi;Climatology;83.120.569.444.444.000;27.964.022.222.221.900;1030
240;801;Jagat (Setibas);Gorkha;Precipitation;84.900.000.000.000.000;28.366.666.666.667.000;1334
241;802;Khudi Bazar;Lamjung;Climatology;84.356.402.777.778.000;28.282.208.333.332.900;838
242;803;Pokhara (Hospital);Kaski;Climatology;84;28.233.333.333.333;866
243;804;Pokhara Airport;Kaski;Aeronautical;83.979.522.222.222.000;28.200.183.333.333.000;827
244;805;Syangja;Syangia;Climatology;83.872.505.555.556.000;28.098.744.444.444.000;871
245;806;Larke Samdo;Gorkha;Precipitation;84.616.666.666.667.000;28.666.666.666.666.900;3650
246;807;Kunchha;Lamiung;Precipitation;84.344.941.666.666.900;28.126.777.777.777.900;820
247;808;Bandipur;Tanahun;Climatology;84.406.377.777.778.000;27.941.833.333.333.000;991
248;809;Gorkha;Gorkha;Agrometeorology;84.589.444.444.443.900;27.971.388.888.888.900;724
249;810;Chapkot;Syangja;Climatology;83.845.861.111.111.000;27.899.944.444.443.900;617
250;811;Malepatan (Pokhara);Kaski;Agrometeorology;83.974.199.999.999.900;28.218.494.444.444.000;859
251;813;Bhadaure Deurali;Kaski;Precipitation;83.822.119.444.443.900;28.265.555.555.555.900;1617
252;814;Lumle;Kaski;Agrometeorology;83.817.911.111.111.000;28.296.538.888.889;1738
253;815;Khairini Tar;Tanahun;Agrometeorology;84.086.602.777.777.900;28.026.958.333.332.900;515
254;816;Chame;Manang;Climatology-off;84.233.333.333.332.900;28.550.000.000.000.000;2680
255;817;Damauli;Tanahun;Precipitation;84.265.091.666.667.000;27.973.675;347
256;818;Lamachaur;Kaski;Precipitation;83.968.733.333.333.000;28.261.680.555.556.000;992
257;819;Ghorapani;\N;\N;83.700.000.000.000.000;28.399.999.999.999.900;2745
258;820;Manang Bhot;Manang;Precipitation;84.022.571.944.443.900;28.666.270.833.333.000;3556
259;821;Ghandruk;Kaski;Precipitation;83.799.999.999.999.900;28.383.333.333.332.900;1960
260;822;Khuldi;Kaski;Precipitation;83.833.333.333.333.000;28.433.333.333.333;2440
261;823;Gharedhunga;Lamjung;Precipitation;84.580.027.777.778;28.147.505.555.555.900;1088
262;824;Siklesh;Kaski;Precipitation;84.105.175.000.000.000;28.358.055.555.556;1996
263;825;Begnas Tal;Kaski;Precipitation-off;84.099.999.999.999.900;28.199.999.999.999.900;900
264;826;Walling;Syangja;Precipitation;83.755.319.444.443.900;27.977.311.944.444.000;756
265;827;Ramjakot;Tanahun;Precipitation;84.142.825.000.000.000;27.902.352.777.777.900;660
266;828;Khuldi;Kaski;precipitation;83.833.333.333.333.000;28.433.333.333.333;2100
181;829;Sallyan (Kaski);Kaski;Precipitation;83.796.025;28.276.524.999.999.900;1591
184;830;Pamdur;Kaski;Precipitation;83.833.036.111.110.900;28.289.577.777.778;1726
188;831;Tisedi;Syangja;Precipitation;83.766.666.666.667.000;28.033.333.333.333.000;1100
267;832;Dandaswara;Syangja;Climatology;83.922.008.333.332.900;28.084.922.222.222.000;1316
268;833;Chhekampar;Gorkha;Precipitation;85;28.483.333.333.333;3300
269;834;Phu Gaun;Manang;Precipitation-off;84.283.333.333.333.000;28.766.666.666.667;4100
496;835;NAAR;MANANG;PRECIPITATION;84.198.409.999.999.900;28.680.988.888.889.000;4195
497;836;GOGA;MANANG;PRECIPITATION;84.381.044.444.444.000;28.544.861.111.111;2256
498;837;PISANG GOUN;MANANG;Precipitation;84.149.985.000.000.000;28.612.864.999.999.900;3214
499;838;SAMA GAUN;GORKHA;Precipitation-off;84.650.000.000.000.000;28.583.333;\N
500;839;NAMRUNG;GORKHA;Precipitation;84.766.666.999.999.900;28.550.000.000.000.000;\N
501;840;MACHHI KHOLA;GORKHA;Precipitation;84.733.333.333.332.900;28.199.999.999.999.900;\N
502;841;TAAL;MANANG;Precipitation;84.373.073.888.888.900;28.467.169.999.999.900;1670
503;842;GHALE KHARKA;KASKI;Climatology;83.999.055.555.555.900;28.344.727.777.778.000;1665
504;843;RIVAN;KASKI;PRECIPITATION;83.911.450.000.000.000;28.325.016.666.667;1506
505;844;BHUJUNG;LAMJUNG;PRECIPITATION;84.266.002.777.777.900;28.309.647.222.222.000;1690
506;845;FALENI;LAMJUNG;Precipitation;84.479.297.222.222.000;28.255.966.666.667;1278
507;846;YAMJAKOT;KASKI;PRECIPITATION;84.099.980.555.556.000;28.255.911.111.111.000;1478
508;847;BESISHAHAR;LAMJUNG;Climatology-off;84.383.332.999.999.900;28.233.332.999.999.900;686
509;848;GILUNG;LAMJUNG;Precipitation;84.241.538.888.888.900;28.218.138.888.889.000;1430
510;849;PUMDHI BUMDHI;KASKI;Precipitation;83.891.541.666.666.900;28.212.011.111.111;1565
511;850;BARPAK;GORKHA;PRECIPITATION;84.75;28.199.999.999.999.900;1889
512;851;BEGNAS;KASKI;Climatology;84.089.316.666.667.000;28.166.030.555.555.900;682
513;852;BHORLETAR;LAMJUNG;Climatology;84.230.619.444.444.000;28.143.052.777.777.900;469
514;853;PANCHAMUL;SYANJA;Precipitation;83.770.197.222.221.900;28.135.580.555.556;1575
515;854;NIRMAL POKHARI;KASKI;Precipitation;84.007.733.333.332.900;28.145.216.666.667;975
516;855;THAPREK;TANAHU;Precipitation;84.173.261.111.111.000;28.091.116.666.666.900;1131
517;856;RAINASTAR;LAMJUNG;PRECIPITATION;84.476.694.444.444.000;28.076.216.666.667.000;588
518;857;SYAMGHA;TANAHU;PRECIPITATION;84.229.122.222.222.000;28.040.780.555.556.000;372
519;858;CHISAPANI (Syangja);SYANJA;Precipitation;83.963.333.333.332.900;28.018.916.666.667;1002
520;859;CHUNDI RANGHA;TANAHU;Precipitation;84.365.402.777.778.000;28.054.091.666.666.900;527
521;860;JYAGDI;SYANJA;Precipitation;83.871.902.777.778.000;27.942.591.666.666.900;455
522;861;MALUNGA;SYANJA;Precipitation;83.650.547.222.222.000;27.930.125;764
523;862;ATRAULITAR;TANAHU;PRECIPITATION;83.983.423.999.999.900;27.870.537.777.778.000;349
524;863;SAKHAR;TANAHU;PRECIPITATION;84.549.380.555.555.900;27.867.411.111.111;288
525;864;KOTAGAUN;TANAHU;PRECIPITATION;84.332.991.666.666.900;27.758.166.666.667.000;355
526;865;CHHOSHER;MANANG;CLIMATOLOGY;83.983.333.000.000.000;29.216.667.000.000.000;\N
270;866;Pokhara Reg. Off.;Kaski;Climatology-off;84;28.219.999.999.999.900;827
538;867;Laprak;Gorkha;Precipitation;84.801.483.333.332.900;28.219.127.777.777.900;\N
536;868;Panchase;Kaski;Climatology;83.797.233.333.332.900;28.228.969.444.444.000;2492
539;869;CHUMCHET;Gorkha;Precipitation;84.902.644.444.443.900;28.426.936.111.111.000;\N
540;870;Jyamirebari;Kaski;Climatology;83.982.913.888.889.000;28.402.666.666.666.900;1525
535;871;Humde;Manang;Climatology;84.088.115.833.333.000;28.639.896.944.444.000;3401
367;9;Dhangadi;\N;\N;80.599.999.999.999.900;28.683.333.333.333;187
271;902;Rampur;Chitawan;Agrometeorology;84.350.794.444.444.000;27.654.025.000.000.000;189
272;903;Jhuwani;Chitawan;Precipitation;84.522.300.000.000.000;27.590.900.000.000.000;177
273;904;Chisapani Gadhi;Makwanpur;Precipitation;85.138.599.999.999.900;27.559.732.777.777.900;1729
274;905;Daman;Makwanpur;Climatology;85.092.799.999.999.900;27.604.399.999.999.900;2265
275;906;Hetaunda N.F.I.;Makwanpur;Climatology;85.027.900.000.000.000;27.422.699.999.999.900;452
276;907;Amlekhganj;Bara;Precipitation;84.991.900.000.000.000;27.281.300.000.000.000;310
277;909;Simara Airport;Bara;Aeronautical;84.980.000.000.000.000;27.164.166.666.667.000;137
278;910;Nijgadh;Bara;Precipitation-off;85.170.474.999.999.900;27.203.005.555.556;244
279;911;Parwanipur;Bara;Agrometeorology;84.932.900.000.000.000;27.079.000.000.000.000;87
280;912;Ramoli Bairiya;Routahat;Precipitation;85.380.708.333.333.000;27.015.847.222.222;152
281;914;Bharatpur;Chitawan;Precipitation;84.433.333.329.999.900;27.666.666.670.000.000;223
282;915;Markhu Gaun;Makwanpur;Precipitation;85.149.600.000.000.000;27.619;1535
283;916;T I Ger Top;Chitawan;Precipitation;84.233.333.329.999.900;27.583.333.329.999.900;190
284;917;Hetanuda(Ind. Dist);Makwanpur;Precipitation;85.033.333.330.000.000;2.743.333.333;466
285;918;Birganj;Parsa;Climatology;84.878.200.000.000.000;27.023.199.999.999.900;67
286;919;Makwanpur Gadhi;Makwanpur;Precipitation;85.156.199.999.999.900;274.162;1050
287;920;Beluwa(Manahari);Makwanpur;Precipitation-off;84.809.200.000.000.000;27.534.700.000.000.000;272
288;921;Kalaiya;Bara;Precipitation;85.001.199.999.999.900;27.035.399.999.999.900;100
289;922;Gaur;Routahat;Climatology-off;85.313.033.333.332.900;26.767.099.999.999.900;77
290;923;Kolbhi;Bara;Precipitation;85.175.347.222.222.000;27.074.566.666.667;114
291;924;Chyuntaha;Bara;Precipitation;85.133.333.333.332.900;26.949.999.999.999.900;86
292;925;Rajaiya;Makwanpur;Precipitation-off;84.881.897.222.221.900;27.467.363.888.889;354
293;926;Kulekhani;Makwanpur;Precipitation;85.166.666.669.999.900;27.583.333.329.999.900;1697
294;927;Bharatpur;Chitawan;Climatology;84.429.344.444.443.900;27.689.019.444.444;216
527;928;SHAKTIKHOR;CHITAWAN;Precipitation-off;84.585.255.555.556.000;27.721.136.111.111.000;333
528;929;BHARATPUR;CHITWAN;PRECIPITATION-off;84.422.272.222.222.000;27.673.033.333.332.900;213
529;930;SHILINGE;MAKWANPUR;PRECIPITATION;84.741.550.000.000.000;27.635.119.444.444.000;\N
530;931;MEGHAULI;CHITWAN;PRECIPITATION;84.224.222.222.221.900;27.580.483.333.333;157
531;932;MADI KALYANPUR;CHITWAN;PRECIPITATION;84.383.332.999.999.900;27.433.333.000.000.000;240
532;933;THORI;PARSA;PRECIPITATION;84.578.611.111.111.000;27.363.333.333.332.900;243
541;934;Gajuri;Dhading;Precipitation;84.878.069.444.443.900;27.803.227.777.778.000;430
542;935;Majhimtar;Dhading;Precipitation;84.711.461.111.111.000;27.805.155.555.555.900;327
551;936;Govindabasti;Chitwan;Precipitation-off;84.439.999.999.999.900;27.425.999.999.999.900;\N
552;937;Charchare;Chitwan;Precipitation;84.304.000.000.000.000;27.422.999.999.999.900;\N
553;938;Riewkhola;Chitwan;Precipitation;84.278.766.666.666.900;27.503.344.444.444;\N
